{
  "bd": 1,
  "bs": 32,
  "data_dir": "D:/Documents/GitHub/Pytorch/LSTM_Test",
  "do": 0.042136988493733485,
  "hs": 4,
  "lr": 0.023259168378557057,
  "max_nepochs": 10,
  "na": 2,
  "nl": 3,
  "rd": 1,
  "sl": 19,
  "st": 0
}