{
  "bd": 1,
  "bs": 8,
  "data_dir": "D:/Documents/GitHub/Pytorch/LSTM_Test",
  "do": 0.03251696587803043,
  "hs": 4,
  "lr": 0.002355024000941146,
  "max_nepochs": 10,
  "na": 2,
  "nl": 3,
  "rd": 1,
  "sl": 63,
  "st": 0
}