{
  "bd": 1,
  "bs": 24,
  "data_dir": "D:/Documents/GitHub/Pytorch/LSTM_Test",
  "do": 0.023820560169998055,
  "hs": 7,
  "lr": 0.0006739219378843612,
  "max_nepochs": 10,
  "na": 2,
  "nl": 1,
  "rd": 1,
  "sl": 38,
  "st": 0
}