{
  "bd": 0,
  "bs": 3,
  "data_dir": "D:/Documents/GitHub/Pytorch/LSTM_Test",
  "do": 0.04979037840534711,
  "hs": 8,
  "lr": 0.0005039347396797833,
  "max_nepochs": 10,
  "na": 2,
  "nl": 3,
  "rd": 1,
  "sl": 71,
  "st": 0
}