{
  "bd": 0,
  "bs": 26,
  "data_dir": "D:/Documents/GitHub/Pytorch/LSTM_Test",
  "do": 0.034466438364756005,
  "hs": 1,
  "lr": 0.006750509989859463,
  "max_nepochs": 10,
  "na": 2,
  "nl": 1,
  "rd": 1,
  "sl": 74,
  "st": 0
}