{
  "bd": 0,
  "bs": 9,
  "data_dir": "D:/Documents/GitHub/Pytorch/LSTM_Test",
  "do": 0.031256643768114004,
  "hs": 8,
  "lr": 0.05985313260177285,
  "max_nepochs": 10,
  "na": 2,
  "nl": 2,
  "rd": 1,
  "sl": 88,
  "st": 0
}