{
  "bd": 0,
  "bs": 16,
  "data_dir": "D:/Documents/GitHub/Pytorch/LSTM_Test",
  "do": 0.020351453415057313,
  "hs": 2,
  "lr": 0.0794408639582892,
  "max_nepochs": 10,
  "na": 2,
  "nl": 2,
  "rd": 1,
  "sl": 29,
  "st": 0
}