{
  "bd": 1,
  "bs": 9,
  "data_dir": "D:/Documents/GitHub/Pytorch/LSTM_Test",
  "do": 0.02058212596236391,
  "hs": 1,
  "lr": 0.0015473496040395952,
  "max_nepochs": 10,
  "na": 2,
  "nl": 3,
  "rd": 1,
  "sl": 76,
  "st": 0
}