{
  "bd": 0,
  "bs": 29,
  "data_dir": "D:/Documents/GitHub/Pytorch/LSTM_Test",
  "do": 0.031732253533277285,
  "hs": 4,
  "lr": 0.014723632528587592,
  "max_nepochs": 10,
  "na": 2,
  "nl": 1,
  "rd": 1,
  "sl": 31,
  "st": 0
}