{
  "bd": 1,
  "bs": 24,
  "data_dir": "D:/Documents/GitHub/Pytorch/LSTM_Test",
  "do": 0.02655894215096752,
  "hs": 7,
  "lr": 0.0021206942378866065,
  "max_nepochs": 10,
  "na": 2,
  "nl": 1,
  "rd": 1,
  "sl": 24,
  "st": 0
}