{
  "bd": 0,
  "bs": 49,
  "data_dir": "D:/Documents/GitHub/Pytorch/LSTM_Test",
  "do": 0.021337617281561208,
  "hs": 7,
  "lr": 0.0200978956751527,
  "max_nepochs": 10,
  "na": 2,
  "nl": 2,
  "rd": 1,
  "sl": 77,
  "st": 0
}