{
  "bd": 1,
  "bs": 16,
  "data_dir": "D:/Documents/GitHub/Pytorch/LSTM_Test",
  "do": 0.03822108024524928,
  "hs": 1,
  "lr": 0.022138855137064314,
  "max_nepochs": 10,
  "na": 2,
  "nl": 1,
  "rd": 1,
  "sl": 36,
  "st": 0
}