{
  "bd": 1,
  "bs": 23,
  "data_dir": "D:/Documents/GitHub/Pytorch/LSTM_Test",
  "do": 0.020177336897659978,
  "hs": 3,
  "lr": 0.0021811745171264876,
  "max_nepochs": 10,
  "na": 2,
  "nl": 2,
  "rd": 1,
  "sl": 4,
  "st": 0
}