{
  "bd": 1,
  "bs": 26,
  "data_dir": "D:/Documents/GitHub/Pytorch/LSTM_Test",
  "do": 0.02162509620937502,
  "hs": 3,
  "lr": 0.002237919407646862,
  "max_nepochs": 10,
  "na": 2,
  "nl": 3,
  "rd": 1,
  "sl": 21,
  "st": 0
}