{
  "bd": 1,
  "bs": 39,
  "data_dir": "D:/Documents/GitHub/Pytorch/LSTM_Test",
  "do": 0.02370169355995161,
  "hs": 6,
  "lr": 0.00036584621275600636,
  "max_nepochs": 10,
  "na": 2,
  "nl": 3,
  "rd": 1,
  "sl": 30,
  "st": 0
}