{
  "bd": 0,
  "bs": 20,
  "data_dir": "D:/Documents/GitHub/Pytorch/LSTM_Test",
  "do": 0.031522315134364404,
  "hs": 6,
  "lr": 0.006661346328152964,
  "max_nepochs": 10,
  "na": 2,
  "nl": 1,
  "rd": 1,
  "sl": 32,
  "st": 0
}