{
  "bd": 1,
  "bs": 41,
  "data_dir": "D:/Documents/GitHub/Pytorch/LSTM_Test",
  "do": 0.046068204454869206,
  "hs": 7,
  "lr": 0.00012875523815785296,
  "max_nepochs": 10,
  "na": 2,
  "nl": 3,
  "rd": 1,
  "sl": 92,
  "st": 0
}