{
  "bd": 1,
  "bs": 6,
  "data_dir": "D:/Documents/GitHub/Pytorch/LSTM_Test",
  "do": 0.014923048494774589,
  "hs": 3,
  "lr": 0.00018583565364683116,
  "max_nepochs": 10,
  "na": 2,
  "nl": 2,
  "rd": 1,
  "sl": 57,
  "st": 0
}