{
  "bd": 0,
  "bs": 20,
  "data_dir": "D:/Documents/GitHub/Pytorch/LSTM_Test",
  "do": 0.02749118764513677,
  "hs": 6,
  "lr": 0.0031321279630632088,
  "max_nepochs": 10,
  "na": 2,
  "nl": 1,
  "rd": 1,
  "sl": 27,
  "st": 0
}