{
  "bd": 0,
  "bs": 6,
  "data_dir": "D:/Documents/GitHub/Pytorch/LSTM_Test",
  "do": 0.04165974942880784,
  "hs": 4,
  "lr": 0.031495120151840306,
  "max_nepochs": 10,
  "na": 2,
  "nl": 2,
  "rd": 1,
  "sl": 23,
  "st": 0
}