{
  "bd": 0,
  "bs": 9,
  "data_dir": "D:/Documents/GitHub/Pytorch/LSTM_Test",
  "do": 0.0446061499035051,
  "hs": 6,
  "lr": 0.030611395719902568,
  "max_nepochs": 10,
  "na": 2,
  "nl": 2,
  "rd": 1,
  "sl": 71,
  "st": 0
}