{
  "bd": 1,
  "bs": 7,
  "data_dir": "D:/Documents/GitHub/Pytorch/LSTM_Test",
  "do": 0.028860468946190328,
  "hs": 4,
  "lr": 0.00118639371015832,
  "max_nepochs": 10,
  "na": 2,
  "nl": 3,
  "rd": 1,
  "sl": 71,
  "st": 0
}