{
  "bd": 1,
  "bs": 19,
  "data_dir": "D:/Documents/GitHub/Pytorch/LSTM_Test",
  "do": 0.01555621543400608,
  "hs": 5,
  "lr": 0.003441368014338055,
  "max_nepochs": 10,
  "na": 2,
  "nl": 2,
  "rd": 1,
  "sl": 88,
  "st": 0
}