{
  "bd": 1,
  "bs": 45,
  "data_dir": "D:/Documents/GitHub/Pytorch/LSTM_Test",
  "do": 0.04213525859113385,
  "hs": 8,
  "lr": 0.030682937692855156,
  "max_nepochs": 10,
  "na": 2,
  "nl": 1,
  "rd": 1,
  "sl": 31,
  "st": 0
}