{
  "bd": 1,
  "bs": 9,
  "data_dir": "D:/Documents/GitHub/Pytorch/LSTM_Test",
  "do": 0.02483208821783526,
  "hs": 9,
  "lr": 0.0020603526670939344,
  "max_nepochs": 10,
  "na": 2,
  "nl": 1,
  "rd": 1,
  "sl": 81,
  "st": 0
}