{
  "bd": 1,
  "bs": 23,
  "data_dir": "D:/Documents/GitHub/Pytorch/LSTM_Test",
  "do": 0.03336491009183876,
  "hs": 8,
  "lr": 0.000136364588478343,
  "max_nepochs": 10,
  "na": 2,
  "nl": 2,
  "rd": 1,
  "sl": 7,
  "st": 0
}