{
  "bd": 1,
  "bs": 25,
  "data_dir": "D:/Documents/GitHub/Pytorch/LSTM_Test",
  "do": 0.026456033181690486,
  "hs": 6,
  "lr": 0.08632424261361467,
  "max_nepochs": 10,
  "na": 2,
  "nl": 3,
  "rd": 1,
  "sl": 43,
  "st": 0
}