{
  "bd": 0,
  "bs": 3,
  "data_dir": "D:/Documents/GitHub/Pytorch/LSTM_Test",
  "do": 0.0202707459454766,
  "hs": 2,
  "lr": 0.005222676176116125,
  "max_nepochs": 10,
  "na": 2,
  "nl": 3,
  "rd": 1,
  "sl": 36,
  "st": 0
}