{
  "bd": 1,
  "bs": 41,
  "data_dir": "D:/Documents/GitHub/Pytorch/LSTM_Test",
  "do": 0.025245802117393662,
  "hs": 4,
  "lr": 0.001621953085530661,
  "max_nepochs": 10,
  "na": 2,
  "nl": 2,
  "rd": 1,
  "sl": 68,
  "st": 0
}