{
  "bd": 0,
  "bs": 40,
  "data_dir": "D:/Documents/GitHub/Pytorch/LSTM_Test",
  "do": 0.01521770811910204,
  "hs": 7,
  "lr": 0.0012944983514162982,
  "max_nepochs": 10,
  "na": 2,
  "nl": 2,
  "rd": 1,
  "sl": 69,
  "st": 0
}