{
  "bd": 0,
  "bs": 36,
  "data_dir": "D:/Documents/GitHub/Pytorch/LSTM_Test",
  "do": 0.03720174621036258,
  "hs": 5,
  "lr": 0.02950558792928296,
  "max_nepochs": 10,
  "na": 2,
  "nl": 2,
  "rd": 1,
  "sl": 70,
  "st": 0
}