{
  "bd": 1,
  "bs": 11,
  "data_dir": "D:/Documents/GitHub/Pytorch/LSTM_Test",
  "do": 0.04187393988012331,
  "hs": 5,
  "lr": 0.015715735339406376,
  "max_nepochs": 10,
  "na": 2,
  "nl": 3,
  "rd": 1,
  "sl": 88,
  "st": 0
}