{
  "bd": 0,
  "bs": 28,
  "data_dir": "D:/Documents/GitHub/Pytorch/LSTM_Test",
  "do": 0.04792406750064575,
  "hs": 4,
  "lr": 0.000627840558954942,
  "max_nepochs": 10,
  "na": 2,
  "nl": 3,
  "rd": 1,
  "sl": 84,
  "st": 0
}