{
  "bd": 0,
  "bs": 48,
  "data_dir": "D:/Documents/GitHub/Pytorch/LSTM_Test",
  "do": 0.04510448115859373,
  "hs": 3,
  "lr": 0.0008991581331368614,
  "max_nepochs": 10,
  "na": 2,
  "nl": 2,
  "rd": 1,
  "sl": 73,
  "st": 0
}