{
  "bd": 1,
  "bs": 35,
  "data_dir": "D:/Documents/GitHub/Pytorch/LSTM_Test",
  "do": 0.046255297425905964,
  "hs": 8,
  "lr": 0.009145472570012742,
  "max_nepochs": 10,
  "na": 2,
  "nl": 2,
  "rd": 1,
  "sl": 25,
  "st": 0
}