{
  "bd": 0,
  "bs": 40,
  "data_dir": "D:/Documents/GitHub/Pytorch/LSTM_Test",
  "do": 0.03270213439072982,
  "hs": 6,
  "lr": 0.0011066710391976816,
  "max_nepochs": 10,
  "na": 2,
  "nl": 2,
  "rd": 1,
  "sl": 15,
  "st": 0
}