{
  "bd": 0,
  "bs": 48,
  "data_dir": "D:/Documents/GitHub/Pytorch/LSTM_Test",
  "do": 0.04302792272127265,
  "hs": 5,
  "lr": 0.04535397525176541,
  "max_nepochs": 10,
  "na": 2,
  "nl": 2,
  "rd": 1,
  "sl": 70,
  "st": 0
}