{
  "bd": 0,
  "bs": 5,
  "data_dir": "D:/Documents/GitHub/Pytorch/LSTM_Test",
  "do": 0.017375401561041295,
  "hs": 3,
  "lr": 0.0062927490847363605,
  "max_nepochs": 10,
  "na": 2,
  "nl": 3,
  "rd": 1,
  "sl": 61,
  "st": 0
}