{
  "bd": 0,
  "bs": 15,
  "data_dir": "D:/Documents/GitHub/Pytorch/LSTM_Test",
  "do": 0.01728942238925045,
  "hs": 5,
  "lr": 0.00278447353134333,
  "max_nepochs": 10,
  "na": 2,
  "nl": 2,
  "rd": 1,
  "sl": 58,
  "st": 0
}