{
  "bd": 1,
  "bs": 11,
  "data_dir": "D:/Documents/GitHub/Pytorch/LSTM_Test",
  "do": 0.016932437133935108,
  "hs": 4,
  "lr": 0.0007761180320862838,
  "max_nepochs": 10,
  "na": 2,
  "nl": 1,
  "rd": 1,
  "sl": 73,
  "st": 0
}