{
  "bd": 0,
  "bs": 17,
  "data_dir": "D:/Documents/GitHub/Pytorch/LSTM_Test",
  "do": 0.030638704785406125,
  "hs": 8,
  "lr": 0.0018517238654691493,
  "max_nepochs": 10,
  "na": 2,
  "nl": 2,
  "rd": 1,
  "sl": 35,
  "st": 0
}