{
  "bd": 1,
  "bs": 27,
  "data_dir": "D:/Documents/GitHub/Pytorch/LSTM_Test",
  "do": 0.01810957361705519,
  "hs": 4,
  "lr": 0.002615270579521219,
  "max_nepochs": 10,
  "na": 2,
  "nl": 1,
  "rd": 1,
  "sl": 47,
  "st": 0
}