{
  "bd": 0,
  "bs": 2,
  "data_dir": "D:/Documents/GitHub/Pytorch/LSTM_Test",
  "do": 0.03788797003278856,
  "hs": 8,
  "lr": 0.04111226240890831,
  "max_nepochs": 10,
  "na": 2,
  "nl": 1,
  "rd": 1,
  "sl": 31,
  "st": 0
}