{
  "bd": 1,
  "bs": 33,
  "data_dir": "D:/Documents/GitHub/Pytorch/LSTM_Test",
  "do": 0.019850240213804483,
  "hs": 9,
  "lr": 0.01982367679205962,
  "max_nepochs": 10,
  "na": 2,
  "nl": 2,
  "rd": 1,
  "sl": 39,
  "st": 0
}