{
  "bd": 0,
  "bs": 7,
  "data_dir": "D:/Documents/GitHub/Pytorch/LSTM_Test",
  "do": 0.015878824809712866,
  "hs": 2,
  "lr": 0.03274291069590698,
  "max_nepochs": 10,
  "na": 2,
  "nl": 2,
  "rd": 1,
  "sl": 7,
  "st": 0
}