{
  "bd": 0,
  "bs": 26,
  "data_dir": "D:/Documents/GitHub/Pytorch/LSTM_Test",
  "do": 0.010419601566449357,
  "hs": 7,
  "lr": 0.0001046248134022709,
  "max_nepochs": 10,
  "na": 2,
  "nl": 3,
  "rd": 1,
  "sl": 95,
  "st": 0
}