{
  "bd": 1,
  "bs": 1,
  "data_dir": "D:/Documents/GitHub/Pytorch/LSTM_Test",
  "do": 0.045858973831122404,
  "hs": 4,
  "lr": 0.04532726229012807,
  "max_nepochs": 10,
  "na": 2,
  "nl": 2,
  "rd": 1,
  "sl": 58,
  "st": 0
}