{
  "bd": 0,
  "bs": 7,
  "data_dir": "D:/Documents/GitHub/Pytorch/LSTM_Test",
  "do": 0.04432632620628037,
  "hs": 2,
  "lr": 0.05731067330196123,
  "max_nepochs": 10,
  "na": 2,
  "nl": 3,
  "rd": 1,
  "sl": 44,
  "st": 0
}