{
  "bd": 0,
  "bs": 19,
  "data_dir": "D:/Documents/GitHub/Pytorch/LSTM_Test",
  "do": 0.03503417765050925,
  "hs": 1,
  "lr": 0.005652917856140321,
  "max_nepochs": 10,
  "na": 2,
  "nl": 3,
  "rd": 1,
  "sl": 65,
  "st": 0
}